-- MariaDB dump 10.17  Distrib 10.4.13-MariaDB, for Win64 (AMD64)
--
-- Host: 127.0.0.1    Database: bd_games
-- ------------------------------------------------------
-- Server version	10.4.13-MariaDB

/*!40101 SET @OLD_CHARACTER_SET_CLIENT=@@CHARACTER_SET_CLIENT */;
/*!40101 SET @OLD_CHARACTER_SET_RESULTS=@@CHARACTER_SET_RESULTS */;
/*!40101 SET @OLD_COLLATION_CONNECTION=@@COLLATION_CONNECTION */;
/*!40101 SET NAMES utf8 */;
/*!40103 SET @OLD_TIME_ZONE=@@TIME_ZONE */;
/*!40103 SET TIME_ZONE='+00:00' */;
/*!40014 SET @OLD_UNIQUE_CHECKS=@@UNIQUE_CHECKS, UNIQUE_CHECKS=0 */;
/*!40014 SET @OLD_FOREIGN_KEY_CHECKS=@@FOREIGN_KEY_CHECKS, FOREIGN_KEY_CHECKS=0 */;
/*!40101 SET @OLD_SQL_MODE=@@SQL_MODE, SQL_MODE='NO_AUTO_VALUE_ON_ZERO' */;
/*!40111 SET @OLD_SQL_NOTES=@@SQL_NOTES, SQL_NOTES=0 */;

--
-- Table structure for table `generos`
--

DROP TABLE IF EXISTS `generos`;
/*!40101 SET @saved_cs_client     = @@character_set_client */;
/*!40101 SET character_set_client = utf8 */;
CREATE TABLE `generos` (
  `cod` int(11) NOT NULL,
  `genero` varchar(20) NOT NULL,
  PRIMARY KEY (`cod`)
) ENGINE=InnoDB DEFAULT CHARSET=utf8;
/*!40101 SET character_set_client = @saved_cs_client */;

--
-- Dumping data for table `generos`
--

LOCK TABLES `generos` WRITE;
/*!40000 ALTER TABLE `generos` DISABLE KEYS */;
INSERT INTO `generos` VALUES (1,'Ação'),(2,'Aventura'),(3,'Terror'),(5,'Estratégia'),(6,'RPG'),(7,'Esporte'),(8,'Corrida'),(9,'Tabuleiro'),(10,'Puzzle'),(11,'Luta'),(12,'Musical');
/*!40000 ALTER TABLE `generos` ENABLE KEYS */;
UNLOCK TABLES;

--
-- Table structure for table `jogos`
--

DROP TABLE IF EXISTS `jogos`;
/*!40101 SET @saved_cs_client     = @@character_set_client */;
/*!40101 SET character_set_client = utf8 */;
CREATE TABLE `jogos` (
  `cod` int(11) NOT NULL,
  `nome` varchar(40) NOT NULL,
  `genero` int(11) NOT NULL,
  `produtora` int(11) NOT NULL,
  `descricao` text NOT NULL,
  `nota` decimal(4,2) NOT NULL,
  `capa` varchar(40) DEFAULT NULL,
  PRIMARY KEY (`cod`),
  KEY `genero` (`genero`),
  KEY `produtora` (`produtora`),
  CONSTRAINT `jogos_ibfk_1` FOREIGN KEY (`genero`) REFERENCES `generos` (`cod`),
  CONSTRAINT `jogos_ibfk_2` FOREIGN KEY (`produtora`) REFERENCES `produtoras` (`cod`)
) ENGINE=InnoDB DEFAULT CHARSET=utf8;
/*!40101 SET character_set_client = @saved_cs_client */;

--
-- Dumping data for table `jogos`
--

LOCK TABLES `jogos` WRITE;
/*!40000 ALTER TABLE `jogos` DISABLE KEYS */;
INSERT INTO `jogos` VALUES (1,'Mario Odissey',2,5,'Em Super Mario Odyssey, o jogador joga como Mario em suas aventuras por terras além do Reino dos Cogumelos com o auxílio de um novo personagem introduzido no jogo, o Cappy. Esse \"chapéu vivo\" garante um novo acréscimo à dificuldade e a dinâmica já vista nos jogos anteriores, pois além de ser uma forma de ataque além do seu tradicional pulo, ele dá também a habilidade de \"capturar\" os carismáticos inimigos da série e alguns objetos. A nova mecânica funciona da seguinte maneira: ao chacoalhar os Joy-Cons ou apertar um simples botão, Cappy é arremessado e volta para a cabeça de Mario automaticamente, apenas se não encostar em algo que ele possa interagir. Há também vários outros simples movimentos com os Joy-Cons que fazem o chapéu rodear o cenário de maneiras diferentes, sendo útil de várias maneiras, como por exemplo a possibilidade de coletar moedas eliminar inimigos ao seu redor com mais rapidez. As mecânicas já vistas anteriormente como o \"Ground Pound\" e o \"Wall Jump\" também estão presentes no game.',9.50,'mario.png'),(2,'Call of Dutty: Black Ops',1,7,'Call of Duty: Black Ops é um jogo eletrônico de tiro em primeira pessoa desenvolvido pela Treyarch, publicado pela Activision e lançado mundialmente em 9 de novembro de 2010 para as plataformas Microsoft Windows, Xbox 360, PlayStation 3, Wii e Nintendo DS. Anunciado em 30 de abril de 2010, o jogo é o sétimo capítulo da série Call of Duty, e o primeiro situado durante a Guerra Fria. É o terceiro da série a ser desenvolvido pela Treyarch, sendo uma sequência direta de Call of Duty: World at War.\r\n\r\nNas primeiras 24 horas de lançamento, o jogo vendeu mais de 5,6 milhões de unidades, sendo 4,2 milhões nos Estados Unidos e 1,4 milhão no Reino Unido, batendo o recorde alcançado por seu antecessor, Modern Warfare 2, em aproximadamente 2,3 milhões de cópias. A 1 de maio de 2012 foi revelado a sequência Call of Duty: Black Ops II com lançamento para novembro de 2012.',3.50,'cod.png'),(3,'League of Legends',1,4,'League of Legends abreviado como LoL é um jogo eletrônico do gênero multiplayer online battle arena, desenvolvido e publicado pela Riot Games para Microsoft Windows e Mac OS X. É um jogo gratuito para jogar e inspirado no modo Defense of the Ancients de Warcraft III: The Frozen Throne.\r\n\r\nEm League of Legends, os jogadores assumem o papel de \"invocadores\", controlando campeões com habilidades únicas e que lutam com seu time contra outros invocadores ou campeões controlados pelo computador. No modo mais popular do jogo, o objetivo de cada time é destruir o nexus da equipe adversária, uma construção localizada na base e protegida por outras estruturas. Cada jogo de League of Legends é distinto, pois os campeões sempre começam fracos e progridem através da acumulação de ouro e da experiência ao longo da partida.',8.50,'lol.png'),(4,'Donkey Kong Tropical Freeze',2,5,'Donkey Kong Country: Tropical Freeze é um jogo eletrônico de plataforma side-scrolling desenvolvido pela Retro Studios que foi publicado pela Nintendo para o Wii U em 21 de fevereiro de 2014 nos Estados Unidos. O décimo-sétimo jogo da série, e o primeiro em alta definição, segue o jogo de 2010 Donkey Kong Country Returns, também pela Retro Studios. Foi anunciado durante a pre-conferência E3 2013 da Nintendo em 11 de junho de 2013.A historia do jogo foca num grupo de criaturas viking, como morsas, corujas e pinguins, que invadem a Donkey Kong Island, forçando o protagonista Donkey Kong lutar contra eles com a ajuda de seus amigos Diddy Kong e Dixie Kong, a última fazendo sua primeira aparição na série desde Donkey Kong Country 3: Dixie Kongs Double Trouble, lançado em 1996. Até mesmo o velho Cranky Kong entrou para a aventura.',8.00,'donkey.png'),(5,'Sonic the Hedgehog',2,9,'Sonic the Hedgehog é uma franquia de videogames criada e produzida pela Sega. A franquia é centrada em uma série de jogos de plataforma focados em velocidade. O protagonizada da série é um ouriço azul chamado Sonic, cuja vida pacífica é sempre interrompida pelo antagonista principal da série, Dr. Eggman. Tipicamente Sonic -normalmente junto de um de seus amigos, como Tails, Amy e Knuckles- se aventuram para parar Eggman e seus planos para dominação mundial. O primeiro jogo da série, lançado em 1991, foi concebido pela divisão da Sega, Sonic Team após um pedido para um novo mascote. O título foi um sucesso, e foi renovado para várias sequelas, que levaram a Sega a liderança no rumo dos consoles de vídeogame da era 16-bit do começo até a metade dos anos 90.',8.50,'sonic.png'),(6,'God of War',1,6,'God of War é uma série de jogos eletrônicos de ação-aventura vagamente baseada na mitologia grega criada por David Jaffe. Iniciada em 2005, a série tornou-se carro-chefe para a marca PlayStation, que consiste em sete jogos em várias plataformas. Um oitavo título está em desenvolvimento; será uma reinicialização suave para a série e será baseada na mitologia nórdica. A história centra-se em torno de sua personagem jogável, Kratos, um guerreiro espartano enganado para matar sua esposa e filha por seu antigo mestre, o deus da guerra Ares. Kratos mata Ares a mando da deusa Atena e toma seu lugar como o novo deus da guerra, mas ainda é assombrado por pesadelos de seu passado. Revelado ser um semideus e filho de Zeus, o rei dos deuses do Olimpo, que trai Kratos. O espartano em seguida busca vingança contra os deuses para suas maquinações. O que se segue é uma série de tentativas de libertar-se da influência dos deuses e dos titãs e vingança. Cada jogo faz parte de uma saga com vingança como motivo central.',9.50,'gow.png'),(7,'Counter-Strike',1,13,'Counter-Strike (também abreviado por CS) é um popular jogo eletrônico de tiro em primeira pessoa. Inicialmente criado como um \"mod\" de Half-Life para jogos online, foi desenvolvido por Minh Le e Jess Cliffe e depois adquirido pela Valve Corporation. Foi lançado em 1999, porém em 2000 ele começou a ser comercializado oficialmente, e posteriormente foram feitas versões para Xbox, Mac OS X e Linux. Atualmente o game é jogado na versão Counter-Strike: Global Offensive.O jogo é baseado em rodadas nas quais equipes de contra-terroristas e terroristas combatem-se até a eliminação completa de um dos times, e tem como objetivo principal plantar e desarmar bombas, ou sequestrar e salvar reféns.\r\n\r\nO Counter-Strike foi um dos responsáveis pela massificação dos jogos por rede no início do século, sendo considerado o grande responsável pela popularização das LAN houses no mundo. O jogo é considerado o originador do \"esporte eletrônico\", onde muitos jogadores levam-no a sério e recebem salários fixos, existindo até clãs profissionais, e que são patrocinados por grandes empresas como a Intel e a NVIDIA. Pelo mundo existem ligas profissionais onde o Counter-Strike está presente, como o caso da CPL (que encerrou suas atividades em 2008), ESWC, ESL, WCG e WEG. No caso da ESWC funciona da seguinte forma: cada país tem as suas qualificações no qual qualquer clã pode ir a uma qualificação em uma lan house em qualquer parte do mesmo país, passando depois às melhores equipes, as melhores equipes de cada país encontram-se depois no complexo da ESWC, localizado em Paris, para disputar o lugar da melhor equipe do mundo de Counter-Strike.',9.00,'cs.png'),(8,'Resident Evil 6',3,16,'Resident Evil 6, conhecido como Biohazard 6 no Japão, é um jogo de vídeo do gênero ação jogado em terceira pessoa desenvolvido e publicado pela Capcom. Apesar do nome é o nono jogo da série principal Resident Evil e foi lançado em 2 de outubro de 2012 para PlayStation 3 e Xbox 360. A versão para Microsoft Windows foi lançada no dia 22 de março de 2013. O game também ganhou uma versão para PlayStation 4 e Xbox One em 29 de março de 2016.\r\n\r\nA história é contada a partir das perspectivas de Chris Redfield, membro e fundador da BSAA traumatizado por ter falhado em uma missão; Leon S. Kennedy, um sobrevivente de Raccoon City e agente especial do governo; Jake Muller, filho ilegítimo de Albert Wesker e associado de Sherry Birkin; e Ada Wong, uma agente solitária com ligações aos ataques bio-terroristas pela Neo-Umbrella.\r\n\r\nO conceito do jogo começou em 2009, mas começou a ser produzido no ano seguinte sobre a supervisão de Hiroyuki Kobayashi, que já tinha produzido Resident Evil 4. A equipe de produção acabou por crescer e tornou-se na maior de sempre a trabalhar num jogo da série Resident Evil. Resident Evil 6 foi apresentado durante uma campanha de divulgação viral na página NoHopeLeft.com.',7.50,'resident.png'),(9,'Grand Theft Auto V',2,15,'Grand Theft Auto V é um jogo eletrônico de ação-aventura desenvolvido pela Rockstar North e publicado pela Rockstar Games. É o sétimo título principal da série Grand Theft Auto e foi lançado originalmente em 17 de setembro de 2013 para PlayStation 3 e Xbox 360, com remasterizações lançadas em 18 de novembro de 2014 para PlayStation 4 e Xbox One, e em 14 de abril de 2015 para Microsoft Windows. O jogo se passa no estado ficcional de San Andreas, com a história da campanha um jogador seguindo três criminosos e seus esforços para realizarem assaltos sob a pressão de uma agência governamental. O mundo aberto permite que os jogadores naveguem livremente pelas áreas rurais e urbanas de San Andreas.\r\n\r\nA jogabilidade é mostrada em uma perspectiva de terceira pessoa e o mundo pode ser atravessado a pé ou com veículos. Os jogadores controlam três protagonistas e podem alternar entre eles durante e fora das missões. A história é centrada em sequências de assaltos, com muitas missões envolvendo a jogabilidade de tiro e direção. Um sistema de \"procurado\" define a resposta e agressividade das forças da lei contra os crimes cometidos pelo jogador. O modo multijogador, Grand Theft Auto Online, permite que até trinta jogadores explorem o mundo e entrem em partidas competitivas ou cooperativas.',9.50,'gta.png'),(10,'Metal Gear Solid V',6,11,'Metal Gear Solid V: The Phantom Pain é um jogo eletrônico de ação-aventura furtiva com elementos de RPG, produzido pela Kojima Productions e realizado, desenhado, co-produzido e co-escrito por Hideo Kojima. Foi publicado pela Konami para Microsoft Windows, PlayStation 3, PlayStation 4, Xbox 360 e Xbox One a 1 de Setembro de 2015. The Phantom Pain é o oitavo título canónico na série Metal Gear e o sexto dentro da sua cronologia fictícia. O jogo serve como continuação para Metal Gear Solid V: Ground Zeroes, mas a sua história é anterior aos eventos ocorridos no jogo original Metal Gear original. Contém o mesmo subtítulo, Tactical Espionage Operations, usado pela primeira vez em Metal Gear Solid: Peace Walker. A ação acontece em 1984, nove anos depois de Ground Zeroes, e segue o mercenário Punished \"Venom\" Snake, à medida que este se aventura em África (no decorrer da Guerra Civil Angolana, na fronteira Angola-Zaire) e no Afeganistão durante a Guerra Soviética-Afegã, para procurar vingança sobre as pessoas que destruíram as suas forças e que quase o mataram durante os eventos ocorridos em Ground Zeroes.',8.50,'metal.png'),(11,'Assassins Creed III',1,12,'Assassins Creed III é um jogo de ação-aventura produzido pela Ubisoft e publicado pela Ubisoft durante os meses de Outubro e Novembro de 2012 para Wii U, Xbox 360, PlayStation 3 e Microsoft Windows . É o quinto jogo principal da série Assassins Creed e o seu terceiro título numerado. Assassins Creed III é a continuação direta de Assassins Creed: Revelations de 2011.\r\n\r\nO enredo decorre de uma história fictícia dentro de eventos reais e segue a batalha ancestral entre os Assassinos, que lutam pela liberdade, e os Templários, que desejam controlar a humanidade. A trama se desenrola no século XXI onde Desmond Miles, o protagonista da série, com a ajuda de uma máquina conhecida como Animus, revive as memórias dos seus ancestrais para o ajudar a descobrir uma maneira de prevenir o Apocalipse de 2012. A história principal se desenrola antes, durante e depois da Revolução Americana entre 1765 e 1783 e segue o ancestral de Desmond, de ascendência mohawk e inglesa, Ratonhnhaké:ton,também conhecido como Connor, enquanto ele luta contra as tentativas dos Templários de controlar a nova nação.',7.50,'assassin.png');
/*!40000 ALTER TABLE `jogos` ENABLE KEYS */;
UNLOCK TABLES;

--
-- Table structure for table `produtoras`
--

DROP TABLE IF EXISTS `produtoras`;
/*!40101 SET @saved_cs_client     = @@character_set_client */;
/*!40101 SET character_set_client = utf8 */;
CREATE TABLE `produtoras` (
  `cod` int(11) NOT NULL,
  `pais` varchar(15) NOT NULL,
  `produtora` varchar(20) NOT NULL,
  PRIMARY KEY (`cod`)
) ENGINE=InnoDB DEFAULT CHARSET=utf8;
/*!40101 SET character_set_client = @saved_cs_client */;

--
-- Dumping data for table `produtoras`
--

LOCK TABLES `produtoras` WRITE;
/*!40000 ALTER TABLE `produtoras` DISABLE KEYS */;
INSERT INTO `produtoras` VALUES (3,'EUA','Microsoft'),(4,'China','Tencent'),(5,'Japão','Nintendo'),(6,'Japão','Sony'),(7,'EUA','Activision'),(8,'EUA','EA'),(9,'Japão','Sega'),(10,'Japão','Namco Bandai'),(11,'Japão','Konami'),(12,'EUA','Ubisoft'),(13,'EUA','Valve'),(14,'Japão','Square Enix'),(15,'EUA','Take Two'),(16,'Japão','Capcom');
/*!40000 ALTER TABLE `produtoras` ENABLE KEYS */;
UNLOCK TABLES;

--
-- Table structure for table `usuarios`
--

DROP TABLE IF EXISTS `usuarios`;
/*!40101 SET @saved_cs_client     = @@character_set_client */;
/*!40101 SET character_set_client = utf8 */;
CREATE TABLE `usuarios` (
  `usuario` varchar(10) NOT NULL,
  `nome` varchar(30) NOT NULL,
  `senha` varchar(80) NOT NULL,
  `tipo` varchar(10) NOT NULL DEFAULT 'editor',
  PRIMARY KEY (`usuario`)
) ENGINE=InnoDB DEFAULT CHARSET=utf8;
/*!40101 SET character_set_client = @saved_cs_client */;

--
-- Dumping data for table `usuarios`
--

LOCK TABLES `usuarios` WRITE;
/*!40000 ALTER TABLE `usuarios` DISABLE KEYS */;
INSERT INTO `usuarios` VALUES ('admin','Administrador','$2y$10$ZoIVjN/pF5Y/KZMQCENgQO8KnjQhbIt1YBouyFJ0LsWOehWwaQbFi','admin'),('pedro','Pedro Paulo','$2y$10$pp5JeagyRo0ug5MfkCo8zeqSz/maV4QI3l/TvU4wD8m4gD4IGYxvC','editor'),('teste','João da Silva','$2y$10$w7on7cjLKNtmJUGkiHIXoOQAwTJzkgxXqLmjtfDUkCXmQK0784.IS','editor'),('walace','Walace Paz','$2y$10$uD5dTlz4f.V/ciJkbvqk/OGPCG1E/HspE/yEBZT7kK6KcQcBAWjHS','admin');
/*!40000 ALTER TABLE `usuarios` ENABLE KEYS */;
UNLOCK TABLES;

--
-- Dumping routines for database 'bd_games'
--
/*!40103 SET TIME_ZONE=@OLD_TIME_ZONE */;

/*!40101 SET SQL_MODE=@OLD_SQL_MODE */;
/*!40014 SET FOREIGN_KEY_CHECKS=@OLD_FOREIGN_KEY_CHECKS */;
/*!40014 SET UNIQUE_CHECKS=@OLD_UNIQUE_CHECKS */;
/*!40101 SET CHARACTER_SET_CLIENT=@OLD_CHARACTER_SET_CLIENT */;
/*!40101 SET CHARACTER_SET_RESULTS=@OLD_CHARACTER_SET_RESULTS */;
/*!40101 SET COLLATION_CONNECTION=@OLD_COLLATION_CONNECTION */;
/*!40111 SET SQL_NOTES=@OLD_SQL_NOTES */;

-- Dump completed on 2020-09-23 18:33:10
